,Area,Item,Year,hg/ha_yield,average_rain_fall_mm_per_year,pesticides_tonnes,avg_temp
84,0,3,2010,231111,0.44967074317968014,0.0035650042759495433,0.5185689948892676
88,0,3,2011,242211,0.44967074317968014,0.0035417837436479338,0.51618398637138
92,0,3,2012,250538,0.44967074317968014,0.0020833494209386554,0.5247018739352641
96,0,3,2013,260110,0.44967074317968014,0.0026708506404244563,0.5488926746166951
194,1,3,2010,270526,0.011915961116337408,0.003523430278421252,0.5550255536626917
199,1,3,2011,292806,0.011915961116337408,0.03769045866696308,0.561839863713799
204,1,3,2012,304291,0.011915961116337408,0.047256012839921126,0.5659284497444634
209,1,3,2013,303218,0.011915961116337408,0.04698109152598486,0.5570698466780238
347,2,3,2010,87425,0.3007212292254625,0.00010865251414195673,0.7884156729131176
355,2,3,2011,81366,0.3007212292254625,0.00010865251414195673,0.778534923339012
363,2,3,2012,69381,0.3007212292254625,0.00010865251414195673,0.7816013628620103
371,2,3,2013,63303,0.3007212292254625,0.00010865251414195673,0.7921635434412267
685,3,3,2010,289849,0.16933207902163686,0.28798626214577944,0.5461669505962521
686,3,3,2010,289849,0.16933207902163686,0.28798626214577944,0.5635434412265758
701,3,3,2011,286657,0.16933207902163686,0.27305763510135295,0.5546848381601363
702,3,3,2011,286657,0.16933207902163686,0.27305763510135295,0.5666098807495742
717,3,3,2012,287821,0.16933207902163686,0.3702914660791527,0.5751277683134584
718,3,3,2012,287821,0.16933207902163686,0.3702914660791527,0.5836456558773425
733,3,3,2013,288984,0.16933207902163686,0.4675252970569525,0.51618398637138
734,3,3,2013,288984,0.16933207902163686,0.4675252970569525,0.5308347529812607
797,4,3,2010,170146,0.16023831922232673,0.0007577398058328456,0.34105621805792175
800,4,3,2011,194426,0.16023831922232673,0.0007577398058328456,0.25996592844974453
803,4,3,2012,207151,0.16023831922232673,0.0007577398058328456,0.303236797274276
806,4,3,2013,215290,0.16023831922232673,0.0007577398058328456,0.3332197614991482
1612,5,3,2010,351334,0.15145813734713073,0.11465980723804112,0.5253833049403748
1613,5,3,2010,351334,0.15145813734713073,0.11465980723804112,0.648381601362862
1614,5,3,2010,351334,0.15145813734713073,0.11465980723804112,0.37717206132879044
1615,5,3,2010,351334,0.15145813734713073,0.11465980723804112,0.4405451448040887
1616,5,3,2010,351334,0.15145813734713073,0.11465980723804112,0.6061328790459967
1617,5,3,2010,351334,0.15145813734713073,0.11465980723804112,0.5689948892674618
1654,5,3,2011,350887,0.15145813734713073,0.12951550984730023,0.5315161839863713
1655,5,3,2011,350887,0.15145813734713073,0.12951550984730023,0.6330494037478706
1656,5,3,2011,350887,0.15145813734713073,0.12951550984730023,0.3700170357751278
1657,5,3,2011,350887,0.15145813734713073,0.12951550984730023,0.4391822827938672
1658,5,3,2011,350887,0.15145813734713073,0.12951550984730023,0.6367972742759795
1659,5,3,2011,350887,0.15145813734713073,0.12951550984730023,0.5591141396933561
1696,5,3,2012,382592,0.15145813734713073,0.13238378939292608,0.5294718909710392
1697,5,3,2012,382592,0.15145813734713073,0.13238378939292608,0.6398637137989779
1698,5,3,2012,382592,0.15145813734713073,0.13238378939292608,0.3574105621805792
1699,5,3,2012,382592,0.15145813734713073,0.13238378939292608,0.4419080068143101
1700,5,3,2012,382592,0.15145813734713073,0.13238378939292608,0.6218057921635436
1701,5,3,2012,382592,0.15145813734713073,0.13238378939292608,0.5509369676320273
1738,5,3,2013,385434,0.15145813734713073,0.12283808415273172,0.5482112436115845
1739,5,3,2013,385434,0.15145813734713073,0.12283808415273172,0.6419080068143102
1740,5,3,2013,385434,0.15145813734713073,0.12283808415273172,0.37103918228279387
1741,5,3,2013,385434,0.15145813734713073,0.12283808415273172,0.45792163543441233
1742,5,3,2013,385434,0.15145813734713073,0.12283808415273172,0.6364565587734243
1743,5,3,2013,385434,0.15145813734713073,0.12283808415273172,0.57206132879046
1851,6,3,2010,305703,0.33207902163687675,0.010039644572502386,0.2405451448040886
1856,6,3,2011,357127,0.33207902163687675,0.009357439472446907,0.2766609880749574
1861,6,3,2012,305491,0.33207902163687675,0.00968861755609281,0.2766609880749574
1866,6,3,2013,285897,0.33207902163687675,0.00845227375778581,0.29744463373083474
1965,7,3,2010,144945,0.12417685794920037,0.0009076400336768413,0.4275979557069848
1970,7,3,2011,143973,0.12417685794920037,0.001255648924693584,0.3574105621805792
1975,7,3,2012,146740,0.12417685794920037,0.0014038633527686105,0.3986371379897786
1981,7,3,2013,151999,0.12417685794920037,0.0013316730562103285,0.4367972742759796
2078,9,3,2010,155598,0.010034493571652554,2.6646512477256654e-05,0.9097103918228281
2079,9,3,2011,171162,0.010034493571652554,2.474319015745261e-05,0.8759795570698469
2080,9,3,2012,177812,0.010034493571652554,2.474319015745261e-05,0.8909710391822829
2081,9,3,2013,179569,0.010034493571652554,2.474319015745261e-05,0.9049403747870529
2322,10,3,2010,182299,0.8200062715584823,0.0361187494759066,0.8637137989778536
2323,10,3,2010,182299,0.8200062715584823,0.0361187494759066,0.8637137989778536
2336,10,3,2011,180931,0.8200062715584823,0.04023688640831006,0.8347529812606475
2337,10,3,2011,180931,0.8200062715584823,0.04023688640831006,0.8347529812606475
2350,10,3,2012,190627,0.8200062715584823,0.03613359539000108,0.8511073253833051
2351,10,3,2012,190627,0.8200062715584823,0.03613359539000108,0.8511073253833051
2364,10,3,2013,193790,0.8200062715584823,0.04168308508753488,0.8616695059625215
2365,10,3,2013,193790,0.8200062715584823,0.04168308508753488,0.8616695059625215
2428,11,3,2010,213518,0.1777986829727187,0.0225850129790268,0.1843270868824532
2431,11,3,2011,209564,0.1777986829727187,0.0225850129790268,0.20408858603066443
2434,11,3,2012,208131,0.1777986829727187,0.026044600388778056,0.17137989778534926
2437,11,3,2013,193536,0.1777986829727187,0.024915767111221128,0.22248722316865424
2467,12,3,2010,422676,0.2496080275948573,0.012628516401580995,0.2875638841567292
2470,12,3,2011,501412,0.2496080275948573,0.015608330635147357,0.35400340715502565
2473,12,3,2012,454233,0.2496080275948573,0.016692843692971707,0.31959114139693356
2476,12,3,2013,454642,0.2496080275948573,0.016057405941345696,0.3086882453151619
4445,14,3,2010,258859,0.5362182502351834,0.9314858345508251,0.7093696763202727
4446,14,3,2010,258859,0.5362182502351834,0.9314858345508251,0.6616695059625214
4447,14,3,2010,258859,0.5362182502351834,0.9314858345508251,0.5751277683134584
4448,14,3,2010,258859,0.5362182502351834,0.9314858345508251,0.5751277683134584
4449,14,3,2010,258859,0.5362182502351834,0.9314858345508251,0.9158432708688247
4450,14,3,2010,258859,0.5362182502351834,0.9314858345508251,0.6616695059625214
4451,14,3,2010,258859,0.5362182502351834,0.9314858345508251,0.8947189097103919
4452,14,3,2010,258859,0.5362182502351834,0.9314858345508251,0.6034071550255538
4453,14,3,2010,258859,0.5362182502351834,0.9314858345508251,0.8517887563884158
4454,14,3,2010,258859,0.5362182502351834,0.9314858345508251,0.8057921635434413
4455,14,3,2010,258859,0.5362182502351834,0.9314858345508251,0.8340715502555368
4544,14,3,2011,262528,0.5362182502351834,0.9381365865425976,0.6964224872231687
4545,14,3,2011,262528,0.5362182502351834,0.9381365865425976,0.648381601362862
4546,14,3,2011,262528,0.5362182502351834,0.9381365865425976,0.5693356047700172
4547,14,3,2011,262528,0.5362182502351834,0.9381365865425976,0.5693356047700172
4548,14,3,2011,262528,0.5362182502351834,0.9381365865425976,0.8879045996592846
4549,14,3,2011,262528,0.5362182502351834,0.9381365865425976,0.648381601362862
4550,14,3,2011,262528,0.5362182502351834,0.9381365865425976,0.885519591141397
4551,14,3,2011,262528,0.5362182502351834,0.9381365865425976,0.5969335604770017
4552,14,3,2011,262528,0.5362182502351834,0.9381365865425976,0.8378194207836458
4553,14,3,2011,262528,0.5362182502351834,0.9381365865425976,0.7843270868824532
4554,14,3,2011,262528,0.5362182502351834,0.9381365865425976,0.8170357751277685
4643,14,3,2012,274457,0.5362182502351834,0.9423701191882188,0.7107325383304941
4644,14,3,2012,274457,0.5362182502351834,0.9423701191882188,0.6718909710391824
4645,14,3,2012,274457,0.5362182502351834,0.9423701191882188,0.5962521294718911
4646,14,3,2012,274457,0.5362182502351834,0.9423701191882188,0.5962521294718911
4647,14,3,2012,274457,0.5362182502351834,0.9423701191882188,0.9168654173764907
4648,14,3,2012,274457,0.5362182502351834,0.9423701191882188,0.6718909710391824
4649,14,3,2012,274457,0.5362182502351834,0.9423701191882188,0.8872231686541738
4650,14,3,2012,274457,0.5362182502351834,0.9423701191882188,0.6275979557069847
4651,14,3,2012,274457,0.5362182502351834,0.9423701191882188,0.8459965928449745
4652,14,3,2012,274457,0.5362182502351834,0.9423701191882188,0.8020442930153323
4653,14,3,2012,274457,0.5362182502351834,0.9423701191882188,0.829642248722317
4742,14,3,2013,277517,0.5362182502351834,0.9999999999999999,0.6913117546848383
4743,14,3,2013,277517,0.5362182502351834,0.9999999999999999,0.6395229982964226
4744,14,3,2013,277517,0.5362182502351834,0.9999999999999999,0.554344122657581
4745,14,3,2013,277517,0.5362182502351834,0.9999999999999999,0.554344122657581
4746,14,3,2013,277517,0.5362182502351834,0.9999999999999999,0.8998296422487224
4747,14,3,2013,277517,0.5362182502351834,0.9999999999999999,0.6395229982964226
4748,14,3,2013,277517,0.5362182502351834,0.9999999999999999,0.8793867120954004
4749,14,3,2013,277517,0.5362182502351834,0.9999999999999999,0.5635434412265758
4750,14,3,2013,277517,0.5362182502351834,0.9999999999999999,0.8551959114139694
4751,14,3,2013,277517,0.5362182502351834,0.9999999999999999,0.8139693356047701
4752,14,3,2013,277517,0.5362182502351834,0.9999999999999999,0.84633730834753
4934,15,3,2010,181967,0.17466290373157728,0.004319073388737052,0.28449744463373094
4940,15,3,2011,143236,0.17466290373157728,0.003968998033487379,0.26814310051107326
4946,15,3,2012,101515,0.17466290373157728,0.003618922678237706,0.29608177172061334
4952,15,3,2013,146125,0.17466290373157728,0.003254572405589503,0.3393526405451448
5111,16,3,2010,18998,0.2185638131075572,0.001204123270464603,0.949574105621806
5119,16,3,2011,19159,0.2185638131075572,0.002292035118145742,0.9448040885860308
5127,16,3,2012,19320,0.2185638131075572,0.002292035118145742,0.9325383304940377
5135,16,3,2013,19481,0.2185638131075572,0.002292035118145742,0.9577512776831347
5314,17,3,2010,42521,0.3835058011915961,0.0007191567433785319,0.6967632027257241
5323,17,3,2011,45493,0.3835058011915961,0.00020555881053883706,0.679045996592845
5332,17,3,2012,31165,0.3835058011915961,0.00026796059230955544,0.6862010221465078
5341,17,3,2013,62252,0.3835058011915961,0.00259944886311295,0.6892674616695061
5541,18,3,2010,44088,0.4869865161492631,0.003155681215916256,0.8313458262350938
5551,18,3,2011,73940,0.4869865161492631,0.003731680930526669,0.8160136286201023
5561,18,3,2012,103444,0.4869865161492631,0.003731680930526669,0.8136286201022147
5571,18,3,2013,133560,0.4869865161492631,0.003731680930526669,0.8228279386712096
6040,19,3,2010,128373,0.15239887111947317,0.1659967878444918,0.25008517887563886
6041,19,3,2010,128373,0.15239887111947317,0.1659967878444918,0.27836456558773426
6042,19,3,2010,128373,0.15239887111947317,0.1659967878444918,0.19795570698466786
6043,19,3,2010,128373,0.15239887111947317,0.1659967878444918,0.18500851788756392
6044,19,3,2010,128373,0.15239887111947317,0.1659967878444918,0.22044293015332198
6045,19,3,2010,128373,0.15239887111947317,0.1659967878444918,0.2395229982964225
6064,19,3,2011,120376,0.15239887111947317,0.168871348353773,0.2398637137989779
6065,19,3,2011,120376,0.15239887111947317,0.168871348353773,0.27325383304940376
6066,19,3,2011,120376,0.15239887111947317,0.168871348353773,0.17785349233390121
6067,19,3,2011,120376,0.15239887111947317,0.168871348353773,0.16490630323679728
6068,19,3,2011,120376,0.15239887111947317,0.168871348353773,0.20442930153321978
6069,19,3,2011,120376,0.15239887111947317,0.168871348353773,0.2013628620102215
6088,19,3,2012,124735,0.15239887111947317,0.19987293420192984,0.27052810902896085
6089,19,3,2012,124735,0.15239887111947317,0.19987293420192984,0.3137989778534924
6090,19,3,2012,124735,0.15239887111947317,0.19987293420192984,0.1972742759795571
6091,19,3,2012,124735,0.15239887111947317,0.19987293420192984,0.18023850085178877
6092,19,3,2012,124735,0.15239887111947317,0.19987293420192984,0.2507666098807496
6093,19,3,2012,124735,0.15239887111947317,0.19987293420192984,0.22316865417376494
6112,19,3,2013,132270,0.15239887111947317,0.22203549119691673,0.268824531516184
6113,19,3,2013,132270,0.15239887111947317,0.22203549119691673,0.30017035775127776
6114,19,3,2013,132270,0.15239887111947317,0.22203549119691673,0.22350936967632032
6115,19,3,2013,132270,0.15239887111947317,0.22203549119691673,0.19693356047700175
6116,19,3,2013,132270,0.15239887111947317,0.22203549119691673,0.2439522998296423
6117,19,3,2013,132270,0.15239887111947317,0.22203549119691673,0.29131175468483816
6266,20,3,2010,11650,0.4048291000313578,6.207549794446628e-05,0.8436115843270869
6273,20,3,2011,11574,0.4048291000313578,6.207549794446628e-05,0.8153321976149916
6280,20,3,2012,11818,0.4048291000313578,6.207549794446628e-05,0.8170357751277685
6287,20,3,2013,11818,0.4048291000313578,6.207549794446628e-05,0.8310051107325385
6483,21,3,2010,212986,0.46127312637190343,0.02672993237550178,0.3880749574105622
6484,21,3,2010,212986,0.46127312637190343,0.02672993237550178,0.16456558773424193
6493,21,3,2011,312460,0.46127312637190343,0.02672993237550178,0.4071550255536628
6494,21,3,2011,312460,0.46127312637190343,0.02672993237550178,0.16933560477001705
6503,21,3,2012,263269,0.46127312637190343,0.02672993237550178,0.4149914821124362
6504,21,3,2012,263269,0.46127312637190343,0.02672993237550178,0.1880749574105622
6513,21,3,2013,233767,0.46127312637190343,0.02672993237550178,0.4010221465076662
6514,21,3,2013,233767,0.46127312637190343,0.02672993237550178,0.15809199318568998
6869,22,3,2010,172462,0.9999999999999999,0.13219503419943923,0.8940374787052812
6870,22,3,2010,172462,0.9999999999999999,0.13219503419943923,0.7284497444633732
6887,22,3,2011,173390,0.9999999999999999,0.14627564957943645,0.881771720613288
6888,22,3,2011,173390,0.9999999999999999,0.14627564957943645,0.7165247018739352
6905,22,3,2012,181661,0.9999999999999999,0.13249214281356064,0.8947189097103919
6906,22,3,2012,181661,0.9999999999999999,0.13249214281356064,0.7250425894378194
6923,22,3,2013,185619,0.9999999999999999,0.1483594612357956,0.8960817717206134
6924,22,3,2013,185619,0.9999999999999999,0.1483594612357956,0.7342419080068144
7021,23,3,2010,163115,0.3330197554092192,0.0041872003422934855,0.29642248722316866
7026,23,3,2011,153960,0.3330197554092192,0.004455677550661273,0.33117546848381607
7031,23,3,2012,147848,0.3330197554092192,0.004724127568710207,0.33458262350936974
7036,23,3,2013,158785,0.3330197554092192,0.004992604777077995,0.35025553662691655
7041,24,3,2010,352675,0.20445280652242082,0.01058780140060595,0.21260647359454857
7044,24,3,2011,389423,0.20445280652242082,0.011554362855240153,0.27291311754684844
7047,24,3,2012,421316,0.20445280652242082,0.015541877495867341,0.252129471890971
7050,24,3,2013,415732,0.20445280652242082,0.011196864542943247,0.2558773424190801
7400,25,3,2010,237316,0.4261523988711195,0.01717495523657807,0.8732538330494038
7401,25,3,2010,237316,0.4261523988711195,0.01717495523657807,0.8759795570698469
7416,25,3,2011,236186,0.4261523988711195,0.01717495523657807,0.8684838160136287
7417,25,3,2011,236186,0.4261523988711195,0.01717495523657807,0.8640545144804089
7432,25,3,2012,242634,0.4261523988711195,0.01717495523657807,0.8712095400340717
7433,25,3,2012,242634,0.4261523988711195,0.01717495523657807,0.8701873935264056
7448,25,3,2013,256603,0.4261523988711195,0.01717495523657807,0.8589437819420785
7449,25,3,2013,256603,0.4261523988711195,0.01717495523657807,0.871550255536627
7980,26,3,2010,87422,0.6970837253057384,0.08602222928203744,0.7045996592844975
7981,26,3,2010,87422,0.6970837253057384,0.08602222928203744,0.561839863713799
7982,26,3,2010,87422,0.6970837253057384,0.08602222928203744,0.7155025553662693
8007,26,3,2011,77752,0.6970837253057384,0.04766299753253294,0.6977853492333902
8008,26,3,2011,77752,0.6970837253057384,0.04766299753253294,0.5492333901192505
8009,26,3,2011,77752,0.6970837253057384,0.04766299753253294,0.7090289608177173
8034,26,3,2012,83078,0.6970837253057384,0.031186480016366393,0.7005110732538331
8035,26,3,2012,83078,0.6970837253057384,0.031186480016366393,0.5505962521294719
8036,26,3,2012,83078,0.6970837253057384,0.031186480016366393,0.7107325383304941
8061,26,3,2013,73131,0.6970837253057384,0.017596840223922064,0.694718909710392
8062,26,3,2013,73131,0.6970837253057384,0.017596840223922064,0.5444633730834754
8063,26,3,2013,73131,0.6970837253057384,0.017596840223922064,0.7032367972742761
8347,27,3,2010,259211,0.0,0.03151347079090873,0.7209540034071551
8348,27,3,2010,259211,0.0,0.03151347079090873,0.7638841567291312
8361,27,3,2011,264311,0.0,0.035197758995672276,0.6773424190800682
8362,27,3,2011,264311,0.0,0.035197758995672276,0.7049403747870528
8375,27,3,2012,268531,0.0,0.038041866347836614,0.6899488926746168
8376,27,3,2012,268531,0.0,0.038041866347836614,0.7216354344122659
8389,27,3,2013,266276,0.0,0.0371228335705598,0.6862010221465078
8390,27,3,2013,266276,0.0,0.0371228335705598,0.7362862010221466
8556,28,3,2010,252796,0.5434305424898087,0.009784572191329789,0.8402044293015334
8564,28,3,2011,196316,0.5434305424898087,0.008785436734708081,0.839863713798978
8572,28,3,2012,295706,0.5434305424898087,0.0070562140265283966,0.8429301533219762
8580,28,3,2013,426047,0.5434305424898087,0.016327895233308704,0.8538330494037479
8650,29,3,2010,15729,0.10410787080589526,7.50180897191338e-05,0.8149914821124362
8654,29,3,2011,18180,0.10410787080589526,7.50180897191338e-05,0.8000000000000002
8658,29,3,2012,14209,0.10410787080589526,7.50180897191338e-05,0.8129471890971041
8662,29,3,2013,12819,0.10410787080589526,7.50180897191338e-05,0.837137989778535
8699,30,3,2010,174562,0.18030730636563183,0.0013974736278378399,0.12810902896081772
8701,30,3,2011,178361,0.18030730636563183,0.0012506459060243847,0.19352640545144809
8703,30,3,2012,182175,0.18030730636563183,0.0015035158713697795,0.14548551959114142
8705,30,3,2013,193558,0.18030730636563183,0.0015415823177658604,0.20374787052810908
8745,31,3,2010,261548,0.15208529319535904,0.004749251423331621,0.10425894378194211
8747,31,3,2011,275943,0.15208529319535904,0.004642746944379157,0.1730834752981261
8749,31,3,2012,236522,0.15208529319535904,0.004201475259692016,0.13015332197614993
8751,31,3,2013,281312,0.15208529319535904,0.004011523692175572,0.16592844974446339
8868,32,3,2010,421566,0.2558795860771402,0.1683161220427673,0.31039182282793876
8874,32,3,2011,468991,0.2558795860771402,0.16596687849375202,0.37580919931856904
8880,32,3,2012,413769,0.2558795860771402,0.17278781469123378,0.3379897785349234
8886,32,3,2013,431560,0.2558795860771402,0.18080814304369947,0.33083475298126075
9116,33,3,2010,398758,0.20351207275007838,0.11102454317817195,0.24906303236797275
9117,33,3,2010,398758,0.20351207275007838,0.11102454317817195,0.2272572402044293
9118,33,3,2010,398758,0.20351207275007838,0.11102454317817195,0.12095400340715504
9128,33,3,2011,457565,0.20351207275007838,0.11896936401517914,0.31550255536626926
9129,33,3,2011,457565,0.20351207275007838,0.11896936401517914,0.28722316865417385
9130,33,3,2011,457565,0.20351207275007838,0.11896936401517914,0.17921635434412267
9140,33,3,2012,447570,0.20351207275007838,0.1237770202434099,0.29505962521294726
9141,33,3,2012,447570,0.20351207275007838,0.1237770202434099,0.26916524701873934
9142,33,3,2012,447570,0.20351207275007838,0.1237770202434099,0.15604770017035777
9152,33,3,2013,398258,0.20351207275007838,0.11897412232097866,0.3005110732538331
9153,33,3,2013,398258,0.20351207275007838,0.11897412232097866,0.26814310051107326
9154,33,3,2013,398258,0.20351207275007838,0.11897412232097866,0.1601362862010222
9450,35,3,2010,206835,0.18846033239259954,0.015247406342674802,0.6132879045996594
9457,35,3,2011,202160,0.18846033239259954,0.022268218574054845,0.5577512776831347
9464,35,3,2012,199165,0.18846033239259954,0.02175812819234736,0.5969335604770017
9471,35,3,2013,206787,0.18846033239259954,0.021974345607877102,0.6153321976149916
9648,36,3,2010,252547,0.6099090624020068,0.04050870802589693,0.6320272572402046
9657,36,3,2011,255064,0.6099090624020068,0.044974609136447435,0.6320272572402046
9666,36,3,2012,249536,0.6099090624020068,0.05363632992036825,0.6330494037478706
9675,36,3,2013,247554,0.6099090624020068,0.05571122315214321,0.6497444633730836
9823,37,3,2010,59840,0.5017246785826277,0.001512325534678587,0.9028960817717208
9831,37,3,2011,56960,0.5017246785826277,0.0018032347561012082,0.8930153321976152
9839,37,3,2012,68229,0.5017246785826277,0.0020941167872049757,0.8851788756388417
9847,37,3,2013,75236,0.5017246785826277,0.0023849988183087425,0.885519591141397
10131,39,3,2010,121373,0.4355597365945437,7.561627673392935e-05,0.8821124361158434
10139,39,3,2011,126448,0.4355597365945437,7.561627673392935e-05,0.8790459965928451
10147,39,3,2012,127191,0.4355597365945437,7.561627673392935e-05,0.8824531516183988
10155,39,3,2013,127142,0.4355597365945437,7.561627673392935e-05,0.8824531516183988
10331,40,3,2010,146252,0.603637503919724,0.015597971123663852,0.7901192504258945
10340,40,3,2011,159629,0.603637503919724,0.017196163685284458,0.7948892674616695
10349,40,3,2012,142073,0.603637503919724,0.019563080941555063,0.7894378194207837
10358,40,3,2013,163465,0.603637503919724,0.019563080941555063,0.8027257240204431
10479,41,3,2010,217319,0.16870492317340857,0.028004560142755697,0.3083475298126065
10485,41,3,2011,285714,0.16870492317340857,0.023038955352300067,0.3277683134582624
10491,41,3,2012,218385,0.16870492317340857,0.022135992053466173,0.34105621805792175
10497,41,3,2013,232630,0.16870492317340857,0.021057433675470926,0.37955706984667803
13890,42,3,2010,199299,0.3236124176857949,0.10901591275344504,0.8589437819420785
13891,42,3,2010,199299,0.3236124176857949,0.10901591275344504,0.9103918228279387
13892,42,3,2010,199299,0.3236124176857949,0.10901591275344504,0.8691652470187394
13893,42,3,2010,199299,0.3236124176857949,0.10901591275344504,0.8068143100511075
13894,42,3,2010,199299,0.3236124176857949,0.10901591275344504,0.8316865417376492
13895,42,3,2010,199299,0.3236124176857949,0.10901591275344504,0.8623509369676321
13896,42,3,2010,199299,0.3236124176857949,0.10901591275344504,0.8592844974446339
13897,42,3,2010,199299,0.3236124176857949,0.10901591275344504,0.885519591141397
13898,42,3,2010,199299,0.3236124176857949,0.10901591275344504,0.8991482112436118
13899,42,3,2010,199299,0.3236124176857949,0.10901591275344504,0.8521294718909711
13900,42,3,2010,199299,0.3236124176857949,0.10901591275344504,0.8695059625212949
13901,42,3,2010,199299,0.3236124176857949,0.10901591275344504,0.8422487223168655
13902,42,3,2010,199299,0.3236124176857949,0.10901591275344504,0.8068143100511075
13903,42,3,2010,199299,0.3236124176857949,0.10901591275344504,0.8732538330494038
13904,42,3,2010,199299,0.3236124176857949,0.10901591275344504,0.8592844974446339
13905,42,3,2010,199299,0.3236124176857949,0.10901591275344504,0.8599659284497445
13906,42,3,2010,199299,0.3236124176857949,0.10901591275344504,0.8330494037478706
13907,42,3,2010,199299,0.3236124176857949,0.10901591275344504,0.8810902896081773
13908,42,3,2010,199299,0.3236124176857949,0.10901591275344504,0.825894378194208
13909,42,3,2010,199299,0.3236124176857949,0.10901591275344504,0.8988074957410563
13910,42,3,2010,199299,0.3236124176857949,0.10901591275344504,0.8988074957410563
13911,42,3,2010,199299,0.3236124176857949,0.10901591275344504,0.8643952299829644
14066,42,3,2011,227240,0.3236124176857949,0.15101492215574852,0.8255536626916526
14067,42,3,2011,227240,0.3236124176857949,0.15101492215574852,0.885519591141397
14068,42,3,2011,227240,0.3236124176857949,0.15101492215574852,0.8350936967632028
14069,42,3,2011,227240,0.3236124176857949,0.15101492215574852,0.7853492333901194
14070,42,3,2011,227240,0.3236124176857949,0.15101492215574852,0.8197614991482113
14071,42,3,2011,227240,0.3236124176857949,0.15101492215574852,0.8320272572402045
14072,42,3,2011,227240,0.3236124176857949,0.15101492215574852,0.8289608177172062
14073,42,3,2011,227240,0.3236124176857949,0.15101492215574852,0.8555366269165248
14074,42,3,2011,227240,0.3236124176857949,0.15101492215574852,0.8896081771720614
14075,42,3,2011,227240,0.3236124176857949,0.15101492215574852,0.8228279386712096
14076,42,3,2011,227240,0.3236124176857949,0.15101492215574852,0.8388415672913119
14077,42,3,2011,227240,0.3236124176857949,0.15101492215574852,0.8095400340715503
14078,42,3,2011,227240,0.3236124176857949,0.15101492215574852,0.7853492333901194
14079,42,3,2011,227240,0.3236124176857949,0.15101492215574852,0.8415672913117548
14080,42,3,2011,227240,0.3236124176857949,0.15101492215574852,0.8289608177172062
14081,42,3,2011,227240,0.3236124176857949,0.15101492215574852,0.8238500851788758
14082,42,3,2011,227240,0.3236124176857949,0.15101492215574852,0.8129471890971041
14083,42,3,2011,227240,0.3236124176857949,0.15101492215574852,0.8701873935264056
14084,42,3,2011,227240,0.3236124176857949,0.15101492215574852,0.7904599659284498
14085,42,3,2011,227240,0.3236124176857949,0.15101492215574852,0.8763202725724022
14086,42,3,2011,227240,0.3236124176857949,0.15101492215574852,0.8763202725724022
14087,42,3,2011,227240,0.3236124176857949,0.15101492215574852,0.8293015332197616
14242,42,3,2012,217530,0.3236124176857949,0.14405420052903659,0.8367972742759796
14243,42,3,2012,217530,0.3236124176857949,0.14405420052903659,0.8766609880749575
14244,42,3,2012,217530,0.3236124176857949,0.14405420052903659,0.8487223168654175
14245,42,3,2012,217530,0.3236124176857949,0.14405420052903659,0.7860306643952302
14246,42,3,2012,217530,0.3236124176857949,0.14405420052903659,0.8429301533219762
14247,42,3,2012,217530,0.3236124176857949,0.14405420052903659,0.8354344122657582
14248,42,3,2012,217530,0.3236124176857949,0.14405420052903659,0.8378194207836458
14249,42,3,2012,217530,0.3236124176857949,0.14405420052903659,0.8735945485519593
14250,42,3,2012,217530,0.3236124176857949,0.14405420052903659,0.9103918228279387
14251,42,3,2012,217530,0.3236124176857949,0.14405420052903659,0.8207836456558775
14252,42,3,2012,217530,0.3236124176857949,0.14405420052903659,0.8374787052810904
14253,42,3,2012,217530,0.3236124176857949,0.14405420052903659,0.8228279386712096
14254,42,3,2012,217530,0.3236124176857949,0.14405420052903659,0.7860306643952302
14255,42,3,2012,217530,0.3236124176857949,0.14405420052903659,0.8528109028960819
14256,42,3,2012,217530,0.3236124176857949,0.14405420052903659,0.8378194207836458
14257,42,3,2012,217530,0.3236124176857949,0.14405420052903659,0.840885860306644
14258,42,3,2012,217530,0.3236124176857949,0.14405420052903659,0.8177172061328791
14259,42,3,2012,217530,0.3236124176857949,0.14405420052903659,0.8637137989778536
14260,42,3,2012,217530,0.3236124176857949,0.14405420052903659,0.8105621805792165
14261,42,3,2012,217530,0.3236124176857949,0.14405420052903659,0.8718909710391824
14262,42,3,2012,217530,0.3236124176857949,0.14405420052903659,0.8718909710391824
14263,42,3,2012,217530,0.3236124176857949,0.14405420052903659,0.8446337308347531
14418,42,3,2013,227606,0.3236124176857949,0.12404212585223975,0.8650766609880751
14419,42,3,2013,227606,0.3236124176857949,0.12404212585223975,0.8964224872231688
14420,42,3,2013,227606,0.3236124176857949,0.12404212585223975,0.8790459965928451
14421,42,3,2013,227606,0.3236124176857949,0.12404212585223975,0.8224872231686543
14422,42,3,2013,227606,0.3236124176857949,0.12404212585223975,0.8623509369676321
14423,42,3,2013,227606,0.3236124176857949,0.12404212585223975,0.8541737649063034
14424,42,3,2013,227606,0.3236124176857949,0.12404212585223975,0.8657580919931859
14425,42,3,2013,227606,0.3236124176857949,0.12404212585223975,0.88824531516184
14426,42,3,2013,227606,0.3236124176857949,0.12404212585223975,0.9386712095400342
14427,42,3,2013,227606,0.3236124176857949,0.12404212585223975,0.8395229982964226
14428,42,3,2013,227606,0.3236124176857949,0.12404212585223975,0.8701873935264056
14429,42,3,2013,227606,0.3236124176857949,0.12404212585223975,0.8456558773424192
14430,42,3,2013,227606,0.3236124176857949,0.12404212585223975,0.8224872231686543
14431,42,3,2013,227606,0.3236124176857949,0.12404212585223975,0.8793867120954004
14432,42,3,2013,227606,0.3236124176857949,0.12404212585223975,0.8657580919931859
14433,42,3,2013,227606,0.3236124176857949,0.12404212585223975,0.8684838160136287
14434,42,3,2013,227606,0.3236124176857949,0.12404212585223975,0.8364565587734244
14435,42,3,2013,227606,0.3236124176857949,0.12404212585223975,0.8804088586030666
14436,42,3,2013,227606,0.3236124176857949,0.12404212585223975,0.840885860306644
14437,42,3,2013,227606,0.3236124176857949,0.12404212585223975,0.8906303236797276
14438,42,3,2013,227606,0.3236124176857949,0.12404212585223975,0.8906303236797276
14439,42,3,2013,227606,0.3236124176857949,0.12404212585223975,0.875298126064736
15246,43,3,2010,159445,0.8312950768265913,0.004342185159763244,0.826916524701874
15247,43,3,2010,159445,0.8312950768265913,0.004342185159763244,0.8841567291311756
15248,43,3,2010,159445,0.8312950768265913,0.004342185159763244,0.8991482112436118
15249,43,3,2010,159445,0.8312950768265913,0.004342185159763244,0.8913117546848384
15250,43,3,2010,159445,0.8312950768265913,0.004342185159763244,0.8735945485519593
15251,43,3,2010,159445,0.8312950768265913,0.004342185159763244,0.8943781942078366
15282,43,3,2011,159562,0.8312950768265913,0.004342185159763244,0.820442930153322
15283,43,3,2011,159562,0.8312950768265913,0.004342185159763244,0.8838160136286202
15284,43,3,2011,159562,0.8312950768265913,0.004342185159763244,0.8821124361158434
15285,43,3,2011,159562,0.8312950768265913,0.004342185159763244,0.8889267461669508
15286,43,3,2011,159562,0.8312950768265913,0.004342185159763244,0.8630323679727429
15287,43,3,2011,159562,0.8312950768265913,0.004342185159763244,0.8821124361158434
15318,43,3,2012,165820,0.8312950768265913,0.004342185159763244,0.8275979557069848
15319,43,3,2012,165820,0.8312950768265913,0.004342185159763244,0.8879045996592846
15320,43,3,2012,165820,0.8312950768265913,0.004342185159763244,0.88824531516184
15321,43,3,2012,165820,0.8312950768265913,0.004342185159763244,0.8923339011925043
15322,43,3,2012,165820,0.8312950768265913,0.004342185159763244,0.8712095400340717
15323,43,3,2012,165820,0.8312950768265913,0.004342185159763244,0.891993185689949
15354,43,3,2013,160184,0.8312950768265913,0.004342185159763244,0.8238500851788758
15355,43,3,2013,160184,0.8312950768265913,0.004342185159763244,0.88824531516184
15356,43,3,2013,160184,0.8312950768265913,0.004342185159763244,0.9056218057921637
15357,43,3,2013,160184,0.8312950768265913,0.004342185159763244,0.8872231686541738
15358,43,3,2013,160184,0.8312950768265913,0.004342185159763244,0.8660988074957411
15359,43,3,2013,160184,0.8312950768265913,0.004342185159763244,0.8858603066439524
15608,44,3,2010,157177,0.05174035747883349,0.004384629247494874,0.824190800681431
15609,44,3,2010,157177,0.05174035747883349,0.004384629247494874,0.7042589437819421
15620,44,3,2011,137820,0.05174035747883349,0.004883109363051554,0.7543441226575811
15621,44,3,2011,137820,0.05174035747883349,0.004883109363051554,0.629642248722317
15632,44,3,2012,134713,0.05174035747883349,0.005381589478608234,0.785008517887564
15633,44,3,2012,134713,0.05174035747883349,0.005381589478608234,0.6609880749574106
15644,44,3,2013,170599,0.05174035747883349,0.005880069594164913,0.8122657580919933
15645,44,3,2013,170599,0.05174035747883349,0.005880069594164913,0.6974446337308349
15692,45,3,2010,343934,0.33458764502978994,0.006876866683365147,0.2412265758091994
15694,45,3,2011,342404,0.33458764502978994,0.00996323977652168,0.28824531516183993
15696,45,3,2012,257778,0.33458764502978994,0.007953331406808607,0.27189097103918236
15698,45,3,2013,383271,0.33458764502978994,0.00802321052626427,0.27189097103918236
15968,46,3,2010,249684,0.24490435873314517,0.19471792165033486,0.19591141396933562
15969,46,3,2010,249684,0.24490435873314517,0.19471792165033486,0.38603066439523004
15982,46,3,2011,249158,0.24490435873314517,0.19220825522007895,0.25144804088586037
15983,46,3,2011,249158,0.24490435873314517,0.19220825522007895,0.41431005110732544
15996,46,3,2012,254511,0.24490435873314517,0.1682780555963712,0.22998296422487227
15997,46,3,2012,254511,0.24490435873314517,0.1682780555963712,0.4139693356047701
16010,46,3,2013,252483,0.24490435873314517,0.1512677921210939,0.2296422487223169
16011,46,3,2013,252483,0.24490435873314517,0.1512677921210939,0.4190800681431006
16158,47,3,2010,142411,0.6271558482282846,0.0024734217352230677,0.8787052810902897
16165,47,3,2011,190236,0.6271558482282846,0.0024734217352230677,0.8814310051107327
16172,47,3,2012,165440,0.6271558482282846,0.0024734217352230677,0.8930153321976152
16179,47,3,2013,165914,0.6271558482282846,0.0024734217352230677,0.8896081771720614
16987,48,3,2010,277576,0.5070555032925681,0.15111280730362414,0.5049403747870529
16988,48,3,2010,277576,0.5070555032925681,0.15111280730362414,0.4265758091993187
16989,48,3,2010,277576,0.5070555032925681,0.15111280730362414,0.5011925042589439
16990,48,3,2010,277576,0.5070555032925681,0.15111280730362414,0.49403747870528114
16991,48,3,2010,277576,0.5070555032925681,0.15111280730362414,0.49642248722316873
16992,48,3,2010,277576,0.5070555032925681,0.15111280730362414,0.4265758091993187
17029,48,3,2011,294691,0.5070555032925681,0.14083568248624795,0.4909710391822829
17030,48,3,2011,294691,0.5070555032925681,0.14083568248624795,0.4095400340715504
17031,48,3,2011,294691,0.5070555032925681,0.14083568248624795,0.48790459965928457
17032,48,3,2011,294691,0.5070555032925681,0.14083568248624795,0.47972742759795584
17033,48,3,2011,294691,0.5070555032925681,0.14083568248624795,0.48143100511073256
17034,48,3,2011,294691,0.5070555032925681,0.14083568248624795,0.4095400340715504
17071,48,3,2012,307882,0.5070555032925681,0.14877552749490477,0.4848381601362862
17072,48,3,2012,307882,0.5070555032925681,0.14877552749490477,0.4023850085178876
17073,48,3,2012,307882,0.5070555032925681,0.14877552749490477,0.48517887563884154
17074,48,3,2012,307882,0.5070555032925681,0.14877552749490477,0.471550255536627
17075,48,3,2012,307882,0.5070555032925681,0.14877552749490477,0.4739352640545146
17076,48,3,2012,307882,0.5070555032925681,0.14877552749490477,0.4023850085178876
17113,48,3,2013,302133,0.5070555032925681,0.14354927630791142,0.5192504258943782
17114,48,3,2013,302133,0.5070555032925681,0.14354927630791142,0.42964224872231693
17115,48,3,2013,302133,0.5070555032925681,0.14354927630791142,0.5110732538330495
17116,48,3,2013,302133,0.5070555032925681,0.14354927630791142,0.5008517887563885
17117,48,3,2013,302133,0.5070555032925681,0.14354927630791142,0.5015332197614992
17118,48,3,2013,302133,0.5070555032925681,0.14354927630791142,0.42964224872231693
17355,49,3,2010,143194,0.062402006898714335,0.017085879752011243,0.19284497444633733
17356,49,3,2010,143194,0.062402006898714335,0.017085879752011243,0.05621805792163545
17367,49,3,2011,167176,0.062402006898714335,0.02897552642904431,0.17853492333901197
17368,49,3,2011,167176,0.062402006898714335,0.02897552642904431,0.04667802385008518
17379,49,3,2012,165927,0.062402006898714335,0.023586350851475712,0.16252129471890975
17380,49,3,2012,165927,0.062402006898714335,0.023586350851475712,0.040885860306643956
17391,49,3,2013,181522,0.062402006898714335,0.02375982508576642,0.25247018739352645
17392,49,3,2013,181522,0.062402006898714335,0.02375982508576642,0.1427597955706985
17594,50,3,2010,224279,0.18156161806208843,0.004290523553939991,0.5287904599659285
17604,50,3,2011,191690,0.18156161806208843,0.004290523553939991,0.5315161839863713
17614,50,3,2012,203389,0.18156161806208843,0.004290523553939991,0.5294718909710392
17624,50,3,2013,144262,0.18156161806208843,0.004290523553939991,0.5318568994889268
17665,51,3,2010,160797,0.18501097522734397,0.00279369650100838,0.1488926746166951
17667,51,3,2011,168013,0.18501097522734397,0.0029106148720820573,0.20272572402044298
17669,51,3,2012,191099,0.18501097522734397,0.003798270021400956,0.1587734241908007
17671,51,3,2013,181648,0.18501097522734397,0.0033986810955175238,0.20272572402044298
17750,52,3,2010,238514,0.19128253370962683,0.004937653142673367,0.6800681431005112
17754,52,3,2011,239130,0.19128253370962683,0.004937653142673367,0.625894378194208
17758,52,3,2012,233333,0.19128253370962683,0.004937653142673367,0.643611584327087
17762,52,3,2013,260759,0.19128253370962683,0.004937653142673367,0.6398637137989779
17842,53,3,2010,165000,0.2311069300721229,0.00021760412179131123,0.4746166950596252
17846,53,3,2011,164706,0.2311069300721229,0.0004764559572846616,0.4436115843270869
17850,53,3,2012,164286,0.2311069300721229,0.000739032866461057,0.4538330494037479
17854,53,3,2013,173611,0.2311069300721229,0.0001693413058248515,0.43373083475298135
17973,54,3,2010,193849,0.0015678896205707123,0.009647016368245664,0.6545144804088587
17974,54,3,2010,193849,0.0015678896205707123,0.009647016368245664,0.6770017035775129
17979,54,3,2011,189247,0.0015678896205707123,0.009647016368245664,0.6180579216354345
17980,54,3,2011,189247,0.0015678896205707123,0.009647016368245664,0.6470187393526406
17985,54,3,2012,189474,0.0015678896205707123,0.009647016368245664,0.6374787052810904
17986,54,3,2012,189474,0.0015678896205707123,0.009647016368245664,0.6647359454855196
17991,54,3,2013,196667,0.0015678896205707123,0.009647016368245664,0.6347529812606474
17992,54,3,2013,196667,0.0015678896205707123,0.009647016368245664,0.6637137989778537
18047,55,3,2010,130301,0.1897146440890561,0.004904399382714505,0.16490630323679728
18050,55,3,2011,155889,0.1897146440890561,0.005607459457331266,0.20511073253833054
18053,55,3,2012,170776,0.1897146440890561,0.0069603409622479824,0.1706984667802385
18056,55,3,2013,148606,0.1897146440890561,0.006840132562592929,0.2085178875638842
18212,56,3,2010,58940,0.45845092505487617,0.0006575978614922982,0.6477001703577513
18220,56,3,2011,58963,0.45845092505487617,0.0008437699746879884,0.648381601362862
18228,56,3,2012,59267,0.45845092505487617,0.0010268967721719917,0.629642248722317
18236,56,3,2013,59375,0.45845092505487617,0.0013809962946121077,0.6146507666098808
18384,57,3,2010,160600,0.3543430542489809,0.0015881321436444966,0.6827938671209541
18392,57,3,2011,159930,0.3543430542489809,0.0015050657195444773,0.6684838160136287
18400,57,3,2012,172009,0.3543430542489809,0.0021093977464011165,0.6514480408858604
18408,57,3,2013,175414,0.3543430542489809,0.0040791732054851785,0.6262350936967632
18679,59,3,2010,220473,0.07243650047036689,1.033232116465054e-05,0.9158432708688247
18688,59,3,2011,204721,0.07243650047036689,8.728092352244272e-06,0.9025553662691653
18697,59,3,2012,198983,0.07243650047036689,4.0241671904428425e-06,0.8889267461669508
18706,59,3,2013,193555,0.07243650047036689,4.0241671904428425e-06,0.9277683134582625
18847,60,3,2010,51163,0.012856694888679836,0.00018367060386109053,0.9335604770017036
18854,60,3,2011,55446,0.012856694888679836,3.619031439513124e-05,0.9052810902896083
18861,60,3,2012,57143,0.012856694888679836,7.170087081890388e-05,0.9018739352640546
18868,60,3,2013,62857,0.012856694888679836,7.170087081890388e-05,0.9178875638841568
18957,61,3,2010,203649,0.6240200689871432,0.0019887543016443945,0.7962521294718912
18962,61,3,2011,213264,0.6240200689871432,0.0018650927314948398,0.7911413969335606
18967,61,3,2012,233356,0.6240200689871432,0.001731669836876576,0.7860306643952302
18972,61,3,2013,236026,0.6240200689871432,0.0018264552884028175,0.7839863713798978
20207,62,3,2010,277578,0.22169959234869863,0.17239273935828017,0.49642248722316873
20208,62,3,2010,277578,0.22169959234869863,0.17239273935828017,0.667802385008518
20209,62,3,2010,277578,0.22169959234869863,0.17239273935828017,0.8088586030664396
20210,62,3,2010,277578,0.22169959234869863,0.17239273935828017,0.6241908006814311
20211,62,3,2010,277578,0.22169959234869863,0.17239273935828017,0.7049403747870528
20212,62,3,2010,277578,0.22169959234869863,0.17239273935828017,0.6160136286201022
20213,62,3,2010,277578,0.22169959234869863,0.17239273935828017,0.5073253833049405
20214,62,3,2010,277578,0.22169959234869863,0.17239273935828017,0.667802385008518
20271,62,3,2011,262734,0.22169959234869863,0.17935022533704847,0.522657580919932
20272,62,3,2011,262734,0.22169959234869863,0.17935022533704847,0.6899488926746168
20273,62,3,2011,262734,0.22169959234869863,0.17935022533704847,0.8170357751277685
20274,62,3,2011,262734,0.22169959234869863,0.17935022533704847,0.6207836456558774
20275,62,3,2011,262734,0.22169959234869863,0.17935022533704847,0.7580919931856901
20276,62,3,2011,262734,0.22169959234869863,0.17935022533704847,0.6313458262350937
20277,62,3,2011,262734,0.22169959234869863,0.17935022533704847,0.5097103918228281
20278,62,3,2011,262734,0.22169959234869863,0.17935022533704847,0.6899488926746168
20335,62,3,2012,268098,0.22169959234869863,0.17541067441888034,0.5155025553662692
20336,62,3,2012,268098,0.22169959234869863,0.17541067441888034,0.6889267461669507
20337,62,3,2012,268098,0.22169959234869863,0.17541067441888034,0.8245315161839865
20338,62,3,2012,268098,0.22169959234869863,0.17541067441888034,0.6579216354344123
20339,62,3,2012,268098,0.22169959234869863,0.17541067441888034,0.7563884156729133
20340,62,3,2012,268098,0.22169959234869863,0.17541067441888034,0.6272572402044294
20341,62,3,2012,268098,0.22169959234869863,0.17541067441888034,0.5417376490630325
20342,62,3,2012,268098,0.22169959234869863,0.17541067441888034,0.6889267461669507
20399,62,3,2013,267752,0.22169959234869863,0.16292477123969035,0.5465076660988075
20400,62,3,2013,267752,0.22169959234869863,0.16292477123969035,0.7117546848381603
20401,62,3,2013,267752,0.22169959234869863,0.16292477123969035,0.8197614991482113
20402,62,3,2013,267752,0.22169959234869863,0.16292477123969035,0.7005110732538331
20403,62,3,2013,267752,0.22169959234869863,0.16292477123969035,0.7798977853492335
20404,62,3,2013,267752,0.22169959234869863,0.16292477123969035,0.6524701873935265
20405,62,3,2013,267752,0.22169959234869863,0.16292477123969035,0.5410562180579217
20406,62,3,2013,267752,0.22169959234869863,0.16292477123969035,0.7117546848381603
20460,63,3,2010,145964,0.059579805581687045,0.0001793473431632499,0.3390119250425895
20463,63,3,2011,165000,0.059579805581687045,0.00020381863013215908,0.3390119250425895
20466,63,3,2012,118033,0.059579805581687045,0.00019294250259042166,0.3485519591141397
20469,63,3,2013,149004,0.059579805581687045,0.00022285185333019954,0.39420783645655877
20739,64,3,2010,283502,0.092505487613672,0.03724247097351891,0.5972742759795571
20740,64,3,2010,283502,0.092505487613672,0.03724247097351891,0.5986371379897787
20753,64,3,2011,297584,0.092505487613672,0.03724247097351891,0.5870528109028962
20754,64,3,2011,297584,0.092505487613672,0.03724247097351891,0.5890971039182283
20767,64,3,2012,279800,0.092505487613672,0.03724247097351891,0.5771720613287905
20768,64,3,2012,279800,0.092505487613672,0.03724247097351891,0.575809199318569
20781,64,3,2013,363561,0.092505487613672,0.03724247097351891,0.5959114139693357
20782,64,3,2013,363561,0.092505487613672,0.03724247097351891,0.5901192504258945
20928,65,3,2010,142467,0.30761994355597366,0.0032276539899237025,0.708688245315162
20935,65,3,2011,142473,0.30761994355597366,0.0020851983626207506,0.694718909710392
20942,65,3,2012,143961,0.30761994355597366,0.0020851983626207506,0.7025553662691654
20949,65,3,2013,135526,0.30761994355597366,0.0020851983626207506,0.6838160136286202
21021,66,3,2010,121175,0.07337723424270931,0.00015215702430890638,0.6582623509369677
21025,66,3,2011,119667,0.07337723424270931,0.00015215702430890638,0.6119250425894379
21029,66,3,2012,120805,0.07337723424270931,0.00015215702430890638,0.640885860306644
21033,66,3,2013,120727,0.07337723424270931,0.00015215702430890638,0.6620102214650767
21132,67,3,2010,135841,0.4543744120413923,0.000902637015007642,0.4994889267461671
21137,67,3,2011,137352,0.4543744120413923,0.0009323016528777309,0.47086882453151624
21142,67,3,2012,135837,0.4543744120413923,0.0011155644019560061,0.47359454855195915
21147,67,3,2013,136408,0.4543744120413923,0.0012357728016110588,0.4936967632027257
21209,68,3,2010,435980,0.2279711508309815,0.026064612463454852,0.2568994889267462
21212,68,3,2011,460550,0.2279711508309815,0.029783921798902793,0.3212947189097105
21215,68,3,2012,451734,0.2279711508309815,0.030856525497068934,0.2991482112436117
21218,68,3,2013,422075,0.2279711508309815,0.02914837528600137,0.28074957410562185
21297,69,3,2010,495751,0.5271244904358733,0.0138288874080437,0.41703577512776835
21301,69,3,2011,490361,0.5271244904358733,0.0138288874080437,0.41431005110732544
21305,69,3,2012,484810,0.5271244904358733,0.0138288874080437,0.39488926746166964
21309,69,3,2013,482926,0.5271244904358733,0.0138288874080437,0.41805792163543454
21466,70,3,2010,134615,0.6989651928504232,0.03328679619627016,0.8759795570698469
21474,70,3,2011,168339,0.6989651928504232,0.013410292449281082,0.8735945485519593
21482,70,3,2012,169329,0.6989651928504232,0.012001208555292436,0.8725724020442931
21490,70,3,2013,170847,0.6989651928504232,0.012001208555292436,0.884497444633731
21630,71,3,2010,170183,0.03135779241141423,3.113291508822334e-05,0.9887563884156731
21637,71,3,2011,161890,0.03135779241141423,2.8685786391332417e-05,0.981260647359455
21644,71,3,2012,242957,0.03135779241141423,5.7996950116314744e-05,0.9645655877342421
21651,71,3,2013,256815,0.03135779241141423,5.7996950116314744e-05,0.9921635434412268
21694,72,3,2010,251662,0.42740671056757606,0.0019004401460054863,0.0
21696,72,3,2011,229141,0.42740671056757606,0.0022402647510470722,0.09676320272572403
21698,72,3,2012,240527,0.42740671056757606,0.0022129928612361653,0.06098807495741057
21700,72,3,2013,251702,0.42740671056757606,0.0020717119644689964,0.0749574105621806
22908,73,3,2010,226823,0.13891502038256506,0.008071174248723332,0.8238500851788758
22909,73,3,2010,226823,0.13891502038256506,0.008071174248723332,0.7649063032367974
22910,73,3,2010,226823,0.13891502038256506,0.008071174248723332,0.9097103918228281
22911,73,3,2010,226823,0.13891502038256506,0.008071174248723332,0.7649063032367974
22912,73,3,2010,226823,0.13891502038256506,0.008071174248723332,0.8909710391822829
22913,73,3,2010,226823,0.13891502038256506,0.008071174248723332,0.8238500851788758
22914,73,3,2010,226823,0.13891502038256506,0.008071174248723332,0.8684838160136287
22915,73,3,2010,226823,0.13891502038256506,0.008071174248723332,0.6207836456558774
22916,73,3,2010,226823,0.13891502038256506,0.008071174248723332,0.7649063032367974
22971,73,3,2011,219196,0.13891502038256506,0.005381589478608234,0.8068143100511075
22972,73,3,2011,219196,0.13891502038256506,0.005381589478608234,0.7516183986371381
22973,73,3,2011,219196,0.13891502038256506,0.005381589478608234,0.8896081771720614
22974,73,3,2011,219196,0.13891502038256506,0.005381589478608234,0.7516183986371381
22975,73,3,2011,219196,0.13891502038256506,0.005381589478608234,0.8763202725724022
22976,73,3,2011,219196,0.13891502038256506,0.005381589478608234,0.8068143100511075
22977,73,3,2011,219196,0.13891502038256506,0.005381589478608234,0.8524701873935265
22978,73,3,2011,219196,0.13891502038256506,0.005381589478608234,0.6211243611584328
22979,73,3,2011,219196,0.13891502038256506,0.005381589478608234,0.7516183986371381
23034,73,3,2012,183405,0.13891502038256506,0.002691977518174281,0.8030664395229984
23035,73,3,2012,183405,0.13891502038256506,0.002691977518174281,0.7427597955706986
23036,73,3,2012,183405,0.13891502038256506,0.002691977518174281,0.8834752981260648
23037,73,3,2012,183405,0.13891502038256506,0.002691977518174281,0.7427597955706986
23038,73,3,2012,183405,0.13891502038256506,0.002691977518174281,0.8671209540034073
23039,73,3,2012,183405,0.13891502038256506,0.002691977518174281,0.8030664395229984
23040,73,3,2012,183405,0.13891502038256506,0.002691977518174281,0.8453151618398638
23041,73,3,2012,183405,0.13891502038256506,0.002691977518174281,0.5942078364565588
23042,73,3,2012,183405,0.13891502038256506,0.002691977518174281,0.7427597955706986
23097,73,3,2013,218059,0.13891502038256506,2.39274805918223e-06,0.839863713798978
23098,73,3,2013,218059,0.13891502038256506,2.39274805918223e-06,0.7826235093696764
23099,73,3,2013,218059,0.13891502038256506,2.39274805918223e-06,0.9063032367972743
23100,73,3,2013,218059,0.13891502038256506,2.39274805918223e-06,0.7826235093696764
23101,73,3,2013,218059,0.13891502038256506,2.39274805918223e-06,0.8827938671209542
23102,73,3,2013,218059,0.13891502038256506,2.39274805918223e-06,0.839863713798978
23103,73,3,2013,218059,0.13891502038256506,2.39274805918223e-06,0.8885860306643953
23104,73,3,2013,218059,0.13891502038256506,2.39274805918223e-06,0.6364565587734243
23105,73,3,2013,218059,0.13891502038256506,2.39274805918223e-06,0.7826235093696764
23286,74,3,2010,48585,0.969269363436814,0.00028538958669518965,0.8327086882453152
23293,74,3,2011,50272,0.969269363436814,0.00028538958669518965,0.8132879045996595
23300,74,3,2012,52632,0.969269363436814,0.00028538958669518965,0.8122657580919933
23307,74,3,2013,61538,0.969269363436814,0.00028538958669518965,0.8224872231686543
23486,75,3,2010,131588,0.5290059579805582,0.042391066609864275,0.5339011925042589
23495,75,3,2011,137379,0.5290059579805582,0.041973341741304994,0.5359454855195912
23504,75,3,2012,143316,0.5290059579805582,0.05135103800129839,0.55809199318569
23513,75,3,2013,144125,0.5290059579805582,0.048787398788116616,0.5349233390119251
23583,76,3,2010,210838,0.17215428033866415,0.05288239675917502,0.21703577512776837
23587,76,3,2011,230338,0.17215428033866415,0.059218420810208415,0.2568994889267462
23591,76,3,2012,243751,0.17215428033866415,0.05950859589302197,0.244633730834753
23595,76,3,2013,210624,0.17215428033866415,0.06037452597757625,0.27325383304940376
23712,77,3,2010,150341,0.25180307306365635,0.03745232585443674,0.5178875638841568
23718,77,3,2011,147088,0.25180307306365635,0.038134259051303666,0.5318568994889268
23724,77,3,2012,177890,0.25180307306365635,0.03383617658872217,0.5090289608177172
23730,77,3,2013,182243,0.25180307306365635,0.027534983336141183,0.5270868824531517
23793,78,3,2010,92000,0.007212292254625274,0.00018478540693411862,0.9413969335604772
23796,78,3,2011,180000,0.007212292254625274,0.00018478540693411862,0.9175468483816015
23799,78,3,2012,120000,0.007212292254625274,0.00018478540693411862,0.9281090289608178
23802,78,3,2013,109298,0.007212292254625274,0.00018478540693411862,0.932879045996593
23919,79,3,2010,132960,0.1837566635308874,0.019710697182615294,0.3625212947189097
23925,79,3,2011,164154,0.1837566635308874,0.01789900623735038,0.3393526405451448
23931,79,3,2012,107623,0.1837566635308874,0.017452541201762064,0.37580919931856904
23937,79,3,2013,158462,0.1837566635308874,0.018891452875533923,0.430664395229983
24115,80,3,2010,118679,0.3640639698965193,0.00259343980264614,0.6412265758091994
24124,80,3,2011,128118,0.3640639698965193,0.000493667429119461,0.623168654173765
24133,80,3,2012,141869,0.3640639698965193,0.002516409629331785,0.6299829642248723
24142,80,3,2013,136056,0.3640639698965193,0.0050069884557519435,0.6347529812606474
24303,81,3,2010,260575,0.0025086233929131375,0.012736924202853262,0.8858603066439524
24304,81,3,2010,260575,0.0025086233929131375,0.012736924202853262,0.88824531516184
24311,81,3,2011,248330,0.0025086233929131375,0.01316082127379248,0.8609880749574107
24312,81,3,2011,248330,0.0025086233929131375,0.01316082127379248,0.8551959114139694
24319,81,3,2012,253233,0.0025086233929131375,0.013584718344731694,0.8763202725724022
24320,81,3,2012,253233,0.0025086233929131375,0.013584718344731694,0.8698466780238502
24327,81,3,2013,256547,0.0025086233929131375,0.014716651318638016,0.8950596252129474
24328,81,3,2013,256547,0.0025086233929131375,0.014716651318638016,0.90221465076661
24449,82,3,2010,200000,0.1991219818124804,0.0018919567665229313,0.8449744463373086
24455,82,3,2011,215517,0.1991219818124804,0.0020170050429340575,0.8214650766609882
24461,82,3,2012,267857,0.1991219818124804,0.002142026129026329,0.8235093696763204
24467,82,3,2013,225885,0.1991219818124804,0.0019644733469074654,0.7972742759795571
24540,83,3,2010,245353,0.3483850736908122,0.003084279438604749,0.29642248722316866
24544,83,3,2011,264228,0.3483850736908122,0.0030504003013122377,0.33117546848381607
24548,83,3,2012,234061,0.3483850736908122,0.0027626451568767197,0.33458262350936974
24552,83,3,2013,187950,0.3483850736908122,0.002494575803291747,0.35025553662691655
25091,84,3,2010,342609,0.1392285983066792,0.073024930585835,0.6896081771720614
25092,84,3,2010,342609,0.1392285983066792,0.073024930585835,0.5045996592844975
25093,84,3,2010,342609,0.1392285983066792,0.073024930585835,0.6136286201022146
25094,84,3,2010,342609,0.1392285983066792,0.073024930585835,0.5045996592844975
25119,84,3,2011,349826,0.1392285983066792,0.073024930585835,0.6616695059625214
25120,84,3,2011,349826,0.1392285983066792,0.073024930585835,0.4834752981260648
25121,84,3,2011,349826,0.1392285983066792,0.073024930585835,0.5945485519591142
25122,84,3,2011,349826,0.1392285983066792,0.073024930585835,0.4834752981260648
25147,84,3,2012,351066,0.1392285983066792,0.073024930585835,0.6793867120954004
25148,84,3,2012,351066,0.1392285983066792,0.073024930585835,0.4971039182282795
25149,84,3,2012,351066,0.1392285983066792,0.073024930585835,0.6078364565587735
25150,84,3,2012,351066,0.1392285983066792,0.073024930585835,0.4971039182282795
25175,84,3,2013,353546,0.1392285983066792,0.073024930585835,0.681771720613288
25176,84,3,2013,353546,0.1392285983066792,0.073024930585835,0.4660988074957412
25177,84,3,2013,353546,0.1392285983066792,0.073024930585835,0.5689948892674618
25178,84,3,2013,353546,0.1392285983066792,0.073024930585835,0.4660988074957412
25601,85,3,2010,293910,0.18344308560677328,0.10615905314173801,0.5182282793867122
25602,85,3,2010,293910,0.18344308560677328,0.10615905314173801,0.3649063032367973
25603,85,3,2010,293910,0.18344308560677328,0.10615905314173801,0.5291311754684839
25622,85,3,2011,307406,0.18344308560677328,0.14560132967184872,0.565587734241908
25623,85,3,2011,307406,0.18344308560677328,0.14560132967184872,0.40817717206132886
25624,85,3,2011,307406,0.18344308560677328,0.14560132967184872,0.568313458262351
25643,85,3,2012,304387,0.18344308560677328,0.13232973503904363,0.5522998296422489
25644,85,3,2012,304387,0.18344308560677328,0.13232973503904363,0.37580919931856904
25645,85,3,2012,304387,0.18344308560677328,0.13232973503904363,0.5570698466780238
25664,85,3,2013,309367,0.18344308560677328,0.1473632623336102,0.5349233390119251
25665,85,3,2013,309367,0.18344308560677328,0.1473632623336102,0.38773424190800687
25666,85,3,2013,309367,0.18344308560677328,0.1473632623336102,0.5505962521294719
25837,86,3,2010,135234,0.5208529319535904,0.003943955749822529,0.8698466780238502
25845,86,3,2011,132500,0.5208529319535904,0.003508285270819382,0.8637137989778536
25853,86,3,2012,155269,0.5208529319535904,0.0030256299208359302,0.871550255536627
25861,86,3,2013,153210,0.5208529319535904,0.0033587385171204927,0.8766609880749575
25868,87,3,2012,166663,0.5208529319535904,0.006714458908848153,0.8558773424190802
25869,87,3,2012,166663,0.5208529319535904,0.006714458908848153,0.97649063032368
25882,87,3,2013,166669,0.5208529319535904,0.006714458908848153,0.8701873935264056
25883,87,3,2013,166669,0.5208529319535904,0.006714458908848153,1.0
26070,89,3,2010,301218,0.17968015051740355,0.0053890124356554695,0.16047700170357754
26072,89,3,2011,319681,0.17968015051740355,0.004842487026683165,0.23441226575809201
26074,89,3,2012,325809,0.17968015051740355,0.0049322150789024985,0.2013628620102215
26076,89,3,2013,337563,0.17968015051740355,0.004404722893128234,0.19761499148211245
26155,90,3,2010,386978,0.46597679523361557,0.0056000093099651755,0.196252129471891
26159,90,3,2011,457778,0.46597679523361557,0.005797247882934583,0.25144804088586037
26163,90,3,2012,411034,0.46597679523361557,0.005649767593468624,0.22691652470187398
26167,90,3,2013,325935,0.46597679523361557,0.005705779650308572,0.22623509369676323
26272,91,3,2010,239308,0.2006898714330511,0.0007125494958969265,0.26166950596252136
26278,91,3,2011,235049,0.2006898714330511,0.0007193470756105124,0.24361158432708688
26284,91,3,2012,237444,0.2006898714330511,0.0007193470756105124,0.21839863713798982
26290,91,3,2013,251396,0.2006898714330511,0.0007193470756105124,0.29982964224872233
26430,92,3,2010,142016,0.4926309187833176,0.18757502488729882,0.9281090289608178
26437,92,3,2011,146421,0.4926309187833176,0.2370750003616312,0.8947189097103919
26444,92,3,2012,153378,0.4926309187833176,0.19011731970017995,0.9260647359454857
26451,92,3,2013,150014,0.4926309187833176,0.022121934658618475,0.943100511073254
26513,93,3,2010,155462,0.04891815616180621,0.0011479752620303836,0.6289608177172062
26516,93,3,2011,148760,0.04891815616180621,0.0011479752620303836,0.6211243611584328
26519,93,3,2012,150215,0.04891815616180621,0.0011479752620303836,0.6412265758091994
26522,93,3,2013,160417,0.04891815616180621,0.0011479752620303836,0.637137989778535
27035,94,3,2010,323303,0.16995923486986514,0.10483132268176157,0.6718909710391824
27036,94,3,2010,323303,0.16995923486986514,0.10483132268176157,0.40783645655877343
27037,94,3,2010,323303,0.16995923486986514,0.10483132268176157,0.42589437819420795
27038,94,3,2010,323303,0.16995923486986514,0.10483132268176157,0.4872231686541738
27039,94,3,2010,323303,0.16995923486986514,0.10483132268176157,0.6122657580919932
27065,94,3,2011,324041,0.16995923486986514,0.10749526698119702,0.6153321976149916
27066,94,3,2011,324041,0.16995923486986514,0.10749526698119702,0.309710391822828
27067,94,3,2011,324041,0.16995923486986514,0.10749526698119702,0.3509369676320273
27068,94,3,2011,324041,0.16995923486986514,0.10749526698119702,0.42078364565587745
27069,94,3,2011,324041,0.16995923486986514,0.10749526698119702,0.5553662691652471
27095,94,3,2012,280384,0.16995923486986514,0.11585944410589474,0.6344122657580922
27096,94,3,2012,280384,0.16995923486986514,0.11585944410589474,0.3458262350936968
27097,94,3,2012,280384,0.16995923486986514,0.11585944410589474,0.38875638841567306
27098,94,3,2012,280384,0.16995923486986514,0.11585944410589474,0.46575809199318574
27099,94,3,2012,280384,0.16995923486986514,0.11585944410589474,0.5873935264054515
27125,94,3,2013,315329,0.16995923486986514,0.10723850880025546,0.6446337308347531
27126,94,3,2013,315329,0.16995923486986514,0.10723850880025546,0.40783645655877343
27127,94,3,2013,315329,0.16995923486986514,0.10723850880025546,0.43509369676320275
27128,94,3,2013,315329,0.16995923486986514,0.10723850880025546,0.5015332197614992
27129,94,3,2013,315329,0.16995923486986514,0.10723850880025546,0.6102214650766611
27324,95,3,2010,47714,0.35402947632486675,0.00023916604464280567,0.7781942078364567
27333,95,3,2011,49920,0.35402947632486675,0.00023916604464280567,0.7696763202725725
27342,95,3,2012,49440,0.35402947632486675,0.00023916604464280567,0.7744463373083477
27351,95,3,2013,45013,0.35402947632486675,0.00023916604464280567,0.7778534923339012
27460,96,3,2010,132481,0.16117905299466917,0.17003346258160765,0.26132879045996604
27466,96,3,2011,168039,0.16117905299466917,0.2161403581661065,0.244633730834753
27472,96,3,2012,161001,0.16117905299466917,0.24692822810806822,0.24735945485519598
27478,96,3,2013,159664,0.16117905299466917,0.23596237251411148,0.30766609880749585
27673,97,3,2010,438841,0.3665725932894324,0.045600421515199004,0.2419080068143101
27674,97,3,2010,438841,0.3665725932894324,0.045600421515199004,0.2555366269165248
27675,97,3,2010,438841,0.3665725932894324,0.045600421515199004,0.2555366269165248
27676,97,3,2010,438841,0.3665725932894324,0.045600421515199004,0.20885860306643952
27677,97,3,2010,438841,0.3665725932894324,0.045600421515199004,0.275298126064736
27683,97,3,2011,432192,0.3665725932894324,0.04459652775277779,0.2902896081771721
27684,97,3,2011,432192,0.3665725932894324,0.04459652775277779,0.31788756388415684
27685,97,3,2011,432192,0.3665725932894324,0.04459652775277779,0.31788756388415684
27686,97,3,2011,432192,0.3665725932894324,0.04459652775277779,0.2606473594548552
27687,97,3,2011,432192,0.3665725932894324,0.04459652775277779,0.3369676320272573
27693,97,3,2012,305570,0.3665725932894324,0.04817743836525712,0.2715502555366269
27694,97,3,2012,305570,0.3665725932894324,0.04817743836525712,0.2810902896081773
27695,97,3,2012,305570,0.3665725932894324,0.04817743836525712,0.2810902896081773
27696,97,3,2012,305570,0.3665725932894324,0.04817743836525712,0.23100511073253835
27697,97,3,2012,305570,0.3665725932894324,0.04817743836525712,0.29642248722316866
27703,97,3,2013,408993,0.3665725932894324,0.04805459250467319,0.2541737649063033
27704,97,3,2013,408993,0.3665725932894324,0.04805459250467319,0.2817717206132879
27705,97,3,2013,408993,0.3665725932894324,0.04805459250467319,0.2817717206132879
27706,97,3,2013,408993,0.3665725932894324,0.04805459250467319,0.24156729131175472
27707,97,3,2013,408993,0.3665725932894324,0.04805459250467319,0.29335604770017043
27847,98,3,2010,200915,0.3916588272185638,0.040734197340156,0.5386712095400341
27854,98,3,2011,177610,0.3916588272185638,0.04763123924011106,0.5315161839863713
27861,98,3,2012,219891,0.3916588272185638,0.06391454235049865,0.5529812606473595
27868,98,3,2013,224434,0.3916588272185638,0.051739261373900704,0.49812606473594556
28028,99,3,2010,162228,0.30385700846660396,0.004540674487399952,0.6827938671209541
28036,99,3,2011,156005,0.30385700846660396,0.004540674487399952,0.6671209540034072
28044,99,3,2012,155862,0.30385700846660396,0.004540674487399952,0.6643952299829643
28052,99,3,2013,158337,0.30385700846660396,0.004540674487399952,0.6419080068143102
28212,100,3,2010,166825,0.19002822201317027,0.008986753855505642,0.6770017035775129
28220,100,3,2011,167336,0.19002822201317027,0.009082409397235222,0.6637137989778537
28228,100,3,2012,171875,0.19002822201317027,0.009178064938964803,0.6548551959114141
28236,100,3,2013,165714,0.19002822201317027,0.0069336128788141625,0.6289608177172062
